__v,_id,bpne,btar,btle,id3,ida,marg,njs,nws,opd,opn1,opnb,opnn,pnt1,pnt2,pnt3,pnt4,pnt5,sarg1,sarg2,sarg3,texp,trm
0,6214e081672f78b4c7a07c07,,,,Outbreak of Pandemic Covid-19 and its Management,A0001,"Pandemics end not when disease transmission ceases, but rather when the disease ceases to be newsworthy. The end of a pandemic is more of a concern of lived experience than of biology making it a social rather than a medical event.",Indian Express,,31/12/2021,,,,,,,,,"Human behaviour and interactions also affect viral spread. In India, during the monsoons, due to crowding, a spike in vector-borne diseases (dengue and malaria) is common.","Lifestyle choices play an important role- school closures during summer and winter have been linked to reduced social contacts, and thereby a reduction in influenza cases.","As more individuals gain immunity either through infection or vaccination (herd immunity), they indirectly offer protection to those who are not infected. The disease spread slows and eventually halts as the virus is unable to find new hosts to infect.",,
0,6214e175f24135402c052b30,,,,Effectiveness of Vigilance Administration in Revenue and Banking Institutions and selected Central Public Sector Enterprises,A0002,"Sympathisers of anti-social elements weaken enforcement of uniform criminal laws. In such cases, cleansing of system with suitable legislation (including structural reform) helps. ",Business Line,,31/12/2021,,,,,,,,,"Initiatives include: Demonetisation, tax reforms, closure of shell companies, agricultural reforms, weeding out archaic laws, digitisation, Insolvency and Bankruptcy code and DBT transfers.","Faceless income tax assessment, online submission of application for government services like passport, driving license, cashless goods and services tax, a transparent resolution mechanism under IBC, etc., have the potential to clean the system. Digitisation, for example, leaves an audit trail, thereby preventing corrupt practices.","Structural reforms in education, agriculture, cooperative banks are second generation reforms. The implementation of these reforms is also the responsibility of the State government as these subjects are in the concurrent list. Recent agriculture reforms has been a failed endeavour in this regard.",,
0,62151bae725fd369a98447bd,,,,Mental Health in contemporary times,A0003,Drug epidemics are not like plague of locusts or earthquakes. They afflict societies that are already in trouble.,Mint,,31/12/2021,,,,,,,,,There is little doubt that the advanced disintegration of Qing Empire in 1840s was a precondition for the opioid epidemic that followed.,"In the American case, the most important previous opioid epidemic came during and after the Civil War. And on a smaller scale, there was widespread use of opium and heroin by American troops in Vietnam.",The fact that the current surge in drug deaths is concentrated almost entirely among those without college degree tells us that despair and disintegration were preconditions that gave the dealers the foothold they needed.,,
0,621520f7c030c08ccbe9bbf7,,,,India's position in the ongoing Climate Change Negotiations,A0004,One problem with trying to address climate change and debt with single package is that they do not align perfectly.,Mint,,31/12/2021,,,,,,,,,"Climate-mitigation financing is needed most in high income countries, with about one-third in Europe and the US and more than half in the Asia-Pacific region. With few exceptions, low income countries' contribution to global warming is negligible.","Of the many low-income countries, countries such as Haiti, Niger and South Sudan face both high debts and acute climate risk, while others confront only one of these problems. No distinction exists here with respect to financing the debt distress through conditional debt relief packages offered by IMF.","Since the 1980s, debt-for-nature swaps had not taken off. They were attractive for conservation organisations as long as they could purchase distressed debt at highly discounted prices and secure leverage for their donor funding.",,
0,6217342ddef6fc771824fe68,,,,"Inter-sectoral review of challenges of emerging and converging technologies, entities and practices",A0005,"Multi cloud-centric digital ""outsiders"" are disrupting almost every industry including financial services, healthcare, media and entertainment, retail, travel, logistics, education, consumer electronics and transportation among others.",Business Line,,30/12/2021,,,,,,,,,"Some organisations turn to the cloud for short-term gains like the ability to move spending from fixed capital to ongoing operations; to receive regular technology updates without doing a lot of heavy lifting; or to upscale their technology infrastructure and applications, seamlessly.","Most businesses choose multiple cloud providers, in part to reduce the risk of downtime and performance bottlenecks.","The significant results and outcomes arrive to those organisations that see cloud more as a liberator, freeing their technical people from spending most of their valuable time on system security, tuning, maintenance, provisioning and upgrades. The advantage here is to invest more time on developing unique yet profitable digital products and services.",,
0,62174f726a8bbb636f226a8a,,,,Development of Tourism Infrastructure in the country,T0001,,,,,,,,,,,,,,,,"The term niche may be used when a particular social group occupies a space or when a subculture occupies a specific niche within a larger community by appropriating specific places or infrastructure. Niche tourism refers to how a specific tourism product can be tailored to meet the needs of a particular audience/market segment. Niche tourism, through image creation, helps destinations to differentiate their tourism products and compete in an increasingly competitive and cluttered tourism environment. Niche tourism can take a geographical or demographic approach, product-related approach or consumer-related approach. This tourism is in contrast to mass-market approach of traditional tourism that targeted entire marketplaces, such as specific countries or regions with ""one size fits all"" experiences. Some examples of niche tourism include adventure tourism, bicycle tourism, sports tourism, gaming tourism, pro-poor tourism, or geo tourism. ",Niche Tourism
0,6217710e06b67104032c2eae,,,,Issues related to safety of Women,T0002,,,,,,,,,,,,,,,,"Sexism is linked to power in that those with power are typically treated with favour and those without power are typically discriminated against. Sexist assumptions about women and men, which manifest themselves as gender stereotypes, can rank one gender as superior to another. Such hierarchical thinking can be conscious and hostile, or it can be unconscious, manifesting itself as unconscious bias. Rank Sexism can touch everyone, but women are particularly affected. When a man calls a woman a girl, he places his association in that relationship as either father or boy. Clearly, what is at issue is power. A woman is a female who has a sense of her own identity and personal power, as well as a sense of her sexuality. A girl is an immature female, a child, whose sexuality is not threatening. Rank Sexism is also related to stereotypes since discriminatory actions or attitudes are frequently based on false beliefs or generalisations about gender, and on considering gender as relevant where it is not. ",Rank Sexism
0,62177392094b8cced0bb0706,,,,Effective Implementation of Labour Laws concerning the welfare of contract/casual labour,T0003,,,,,,,,,,,,,,,,"Occupational licensing is the process by which governments establish qualifications required to practice a trade or profession, so that only licensed practitioners are allowed by law to receive pay for doing work in the occupation. In 1960s and 1970s, majority of the licensed occupations comprised of doctors, dentists and lawyers. Presently, certain licensed occupations are turning into glorified guilds. To be a certified chartered accountant in India, one must have three years of articled training and pass an examination. Also, occupational licensing places limits on the activities that the licensees are legally allowed to perform as part of that profession such as demonstrating good moral character, working with or for local practitioners, and engaging in ongoing professional development activities (an investment that continues throughout the worker’s career). Sometimes, it could also hamper mobility, acting as a deterrent to geographical movement. Contractual work comes along with ""non-compete"" clauses preventing workers from easily leaving their jobs for high paying ones. ",Occupational Licensing
0,62179d3ffb531fa8d9a549f5,,,,Monetization of public sector assets including disinvestment and asset recycling,O0001,,Business Line,,23/02/2022,Telecom is a capital-intensive industry. But BSNL has become sustainable. BSNL has made the first operating profit in FY-21 after many years. BSNL is also conducting proof of concept for development of 4G atmanirbhar technology stack. It will also roll out 5G after 4G. ,#UNION_MINISTER_FOR_COMMUNICATIONS,On merger of BSNL with BBNL (erstwhile MTNL),,,,,,,,,,
0,6217a05bfdef82a216256396,,,,"Policy issues in Information Technology including cross border data flows, Artificial Intelligence (AI) and Internet of Things , (IoT), etc.",S0001,,,"A policy proposal titled ""Draft India Data Accessibility and Use Policy"" had been recently released.",23/02/2022,,,,"It aims to “radically transform” India’s ability to harness public sector data for large-scale social transformation. It will be applicable to all data and information created, generated and collected by the government directly or through Ministries, Departments and authorised agencies.","The draft policy outlines an institutional framework entailing India Data Office, India Data Council and Data Management Units as key components.",State governments will be free to adopt the provisions and protocols as applicable.,Minimally processed data sets will be made freely available. Only detailed data sets that have undergone value addition/transformation and qualify for monetisation will be priced appropriately.,"For restricted access data sharing, pricing of datasets as decided by the owner government department or agency must be notified in a transparent manner.",,,,,
0,6217b62d57d0bd911006a818,,,,Ayurveda System of Medicine: Challenges and Prospects,S0002,,,The incidence of 'dieback disease' in Neem is said to be very high this year.,23/02/2022,,,,Dieback refers to the progressive death of twigs and branches which generally starts at the tips. It gradually leads to the death of the tree.,"The disease changes the leaf colour to pale green or yellow, scorches the leaf margins and reduces the growth of twigs and stem. ","Though there is no estimate of yields , Neem extract is widely used in remedial formulations.",The disease was first reported in India in Dehradun in 1992. ,,,,,,
0,6217b7546da228cd82e9c554,,,,"Policy issues in Information Technology including cross border data flows, Artificial Intelligence (AI) and Internet of Things , (IoT), etc.",O0002,,Business Line,,23/02/2022,"Value of data comes from relevance, quality, granularity and linkage to the use case. More clarity will be required to define ‘high value’ data sets as broader terms like “based on importance in the market”, “socio economic benefits” etc, which provide for wider powers to the incoming institutional body (Data council) to decide on these things won’t suffice. Also, we need to create strong processes to minimise hurdles in the standardisation of prices. The GDPR has some of the best practices of data collection and processing, and mentions that data should be collected for a specific purpose and should be kept only to fulfil the purpose and not be further processed. The moment data collection is incentivised, it becomes problematic and can go against purpose limitation and end up impacting data privacy. Strict access control is needed for proper anonymisation. It’s very easy to re-identify any data even after proper anonymisation.",#INDUSTRY_EXPERTS,On draft India Data Accessibility and Use Policy,,,,,,,,,,
0,6217b8406da228cd82e9c556,,,,Impact of Covid-19 on Rising Unemployment and Loss of Jobs/ Livelihood in Organised and Unorganised Sector,O0003,,Business Standard,,23/02/2022,"India should build infrastructure and increase openness. While manufacturers can focus on global markets, India should strengthen its position in services. The pandemic has increased the acceptability of high-value services in the digital medium. Since India has proven strengths in services, capitalising on them could help create more jobs. India has a track record in the information technology sector, and the scope of services can be expanded in other areas. In this context, among other things, having strong data protection laws would be critical. No individual or firm would want to deal with entities in a country where data is not secured.",#RAGHURAM_RAJAN,On creation of jobs,,,,,,,,,,
0,6217b8f96da228cd82e9c558,,,,Implementation of Corporate Social Responsibility (CSR) mandates,O0004,,Business Standard,,23/02/2022,"The expanded disclosure requirements demand an unprecedented level of granular detail- on ongoing and new projects, what funds have been left unspent, and whether capital assets have been created, impact assessment reports, constitution of the company’s CSR committee, the details of the committee, and approved CSR projects on the company’s website. More concerning, is the direction that the CSR mandate has taken. What started out as a comply-or-explain template for large companies under the United Progressive Alliance government has evolved into a quasi-legal commitment under its successor. In 2019, for instance, the government proposed to amend the law to treat non-compliance as a criminal offence. Though this amendment was later softened to a civil offence in 2021 after industry lobbies protested, the transition from a discretionary regime to a mandatory one had become explicit.",#EDITORIAL,On Corporate Social Responsibility disclosure norms,,,,,,,,,,
0,6217b9806da228cd82e9c55a,,,,Others,O0005,,The Hindu,,23/02/2022,"The recommendation for 10.5% reservation to the Vanniyakula Kshatriya was made in commensuration with their population as enumerated in a survey held in 1983 by the Tamil Nadu Second Backward Classes Commission. The Most Backward Classes within the Backward Classes were identified in Tamil Nadu as early as in 1957, when they were considered equivalent to Scheduled Castes but without the factor of untouchability. Tamil Nadu has a “history of granting reservation traceable to the year 1854 onwards, including the caste census being taken in 1872”.",#TAMIL_NADU_GOVERNMENT,On internal reservation to Vanniyakula Kshatriya and other communities within Most Backward Classes,,,,,,,,,,
0,6217ba536da228cd82e9c55c,,,,Citizens data security and privacy,O0006,,Indian Express,,23/02/2022,"Installation of CCTVs inside classrooms without obtaining the specific consent from either students or their parents and teachers is a ""gross and direct violation"" of the fundamental right to privacy. The act of live streaming footage is further violation of the right. In the complete absence of a data protection regime or any other statutory or regulatory framework to protect the citizens' data, the twin acts of obtaining and then storing children's data on private computers is fraught with danger. Such fears are compounded by the present-day reality including morphing and abuse of footage and also its' possible dissemination on social media and the internet.",#PUBLIC_INTEREST_LITIGATION,On CCTV monitoring of students by Delhi government,,,,,,,,,,
0,6217bae76da228cd82e9c55e,,,,Review of long-term public finances and debt at Centre and States,O0007,,Indian Express,,23/02/2022,"According to Article 293 (3) of the Constitution, without the consent of the government of India, states may not raise any loan, as long as ""there is still outstanding any part of a loan which has been made to the state by the Government of India"". Thus, state borrowings are circumscribed  by the Centre's approval. But over the past decade, the Union government has done away with the loan component in the Central plan's assistance. States' liabilities towards the Centre has been declining as per the 15th Finance Commission. But, the treatment of loans from multilateral organisations to states being routed through the Centre endows the Centre with greater sway over states' fiscal management. And, these loans are treated as capital expenditure as compared to grants which is a part of revenue expenditure.",#EDITORIAL,On fiscal federalism,,,,,,,,,,
0,6217bbe56da228cd82e9c560,,,,Atrocities and Crimes against Women and Children,S0003,,,National Commission for Protection of Child Rights has recently compiled the number of children living on streets.,23/02/2022,,,,"""Bal Swaraj"" is a portal created by NCPCR.","Maharashtra has the largest number of street children at 4952, followed by Gujarat (1990), Tamil Nadu (1703), Delhi (1653) and Madhya Pradesh (1492). Uttar Pradesh has the highest number of children living alone on the streets at 270.",,,,,,,,
0,62184c381d15946c8ec50970,,,,Medical Devices: Regulation & Control,O0008,,Business Line,,25/02/2022,"There is no venture capitalist mind set in regulatory panels. A regulator should understand when to do the efficacy trial and the relation between a clinical trial and the disease burden. But that knowledge is not there in this country. Biosecurity is as relevant and important as other security aspects. The incomplete scientific data or fluid scientific analysis cannot be accepted as duty and law, bind one, which is where things can be slow. The government needs to incentivise research in biopharma to help India transition from a low volume, high value player to a high volume, high value player.
",#INDUSTRY_EXPERTS,On vaccine manufacturing in India,,,,,,,,,,
0,62184cf61d15946c8ec50972,,,,Privatisation of Services at Airport,O0009,,Business Line,,25/02/2022,"Aircraft leasing in India’s a fairly new stream of business. The government has been boosting aircraft leasing through GIFT city in Gujarat. Globally, an aircraft is a collateral. In India, only an immovable asset is considered as a collateral. An aircraft costs anywhere between $30 million and $50 million. It is impossible for an entrepreneur to have that kind of a collateral facility. At present, banks do not have the mechanism to fund Indian lessors. This is needed at GIFT city which seems to be working in isolation and needs to be in complete sync with all regulatory authorities. For example, Bank of China made a subsidiary specifically to fund aircraft leasing, and other aviation related funding.",#INDUSTRY_EXPERTS,On aircraft lease financing,,,,,,,,,,
0,62184dab1d15946c8ec50974,,,,"Policy issues in Information Technology including cross border data flows, Artificial Intelligence (AI) and Internet of Things , (IoT), etc.",O0010,,Business Line,,25/02/2022,The government’s draft on the ‘India Data Accessibility and Use Policy’ is a move aimed to ensure more effective data-based governance paradigms for better and more broad-based governance. Issues of cyber security have not been addressed by the policy. This could have consent-related ramifications from the perspective of users. This policy could also have a direct conflict with the provisions of the Indian cyber law and the rules and regulations made there under. It could also compromise due diligence by the government in its capacity as an intermediary.,#INDUSTRY_EXPERTS,On the draft India Data Accessibility and Use Policy,,,,,,,,,,
0,62184fe91d15946c8ec50976,,,,Edible Oils,O0011,,Business Line,,25/02/2022,"The government needs to focus on measures such as a targeted approach, crop diversification, recalibration of minimum support price (MSP) and providing a technological push to increase edible oil production in the country. Mustard should be promoted in rabi as a replacement for wheat, and corn during kharif. Mustard will increase oil availability and corn can get diverted to ethanol. MSP has been a time tested and successful tool in increasing production over the years. However, we feel time has come to look at this MSP tool not only as an incentive but also as a disincentive. We also need to evaluate whether 23 crops need MSP announcement or it should be limited to what the nation wants. Edible oil import duties should be kept relatively high to ensure farmers are sufficiently enthused and the Government need not defend MSP by buying the produce and market forces can take care of procurement.",#OIL_LOBBY,On boosting edible oil production,,,,,,,,,,
0,6218508e1d15946c8ec50978,,,,Financing the MSME sector; its growth and regulation,O0012,,Business Line,,25/02/2022,"The prime focus of the Tamil Nadu State budget should be to facilitate investment, especially in the central and southern districts of Tamil Nadu to ensure equitable growth. Also, more focus must be given to Micro, Small and Medium Enterprises sector as it ensures job creation which is the need of the hour in these challenging times. Further, MSMEs need a special helping hand and should be exempted from approvals and inspections for the next three years under the State laws. For ease of doing business, Government should allow all companies to avail self-certification wherever possible for all licenses and renewals. The Authorised Economic Operator (AEO) programme by Customs is a successful example in this direction. The government needs to digitalise licencing processes through the Tamil Nadu Single Window Portal and manual submissions may be discontinued. The State government needs to identify and convince the industries both domestic and international) who are interested in starting PLI units and to provide necessary support in infrastructure and policy related matters.",#CONFEDERATION_OF_INDIAN_INDUSTRY,On boosting Tamil Nadu Economy,,,,,,,,,,
0,621850ed1d15946c8ec5097a,,,,"Inter-sectoral review of challenges of emerging and converging technologies, entities and practices",O0013,,Financial Express,,25/02/2022,"The growth in digital advertising has been steady, at 25-30% year-on-year, barring 2020. Online video is a dominant part of digital advertising, spanning from long-form videos on OTT platforms to short-format videos on social media. The latter is highly popular in non-metro markets. We are now seeing the rise of video-led commerce that is driving everything from awareness to purchase. One can now include shoppable features on videos, thus reducing friction points in the consumer's purchase journey. The digital ad buying ecosystem is full of middlemen. The transaction between market and the publisher is full of middlemen. One way to bring transparency here is through the application of the decentralised block chain technology.",#INDUSTRY_EXPERTS,On digital advertising ecosystem,,,,,,,,,,
0,6219c5bd62e9219ca28c5bde,,,,State of Indian Economy,O0014,,Business Line,,2022-02-26T00:00:00.000Z,"No one country today can plan for its recovery, particularly in an age when value chains have already brought us closer to each other. In order to recover following the Covid-19 pandemic, there should be investment for transition towards greener energy, investments for infrastructure building- soft human power as well as hard, asset creation and also greater investments in health and education, along with gender parity in the light of India's commitment to climate change. Economic recovery is not just about manufacturing but also investing in research and development. Manufacturing should not just be limited to tools but also drugs, chips, hydrogen and high chemistry materials.",#UNION_FINANCE_MINISTER,On recovery of Indian Economy,,,,,,,,,,
0,6219cc1c62e9219ca28c5be0,,,,"Vaccine Development, Distribution Management and Ministry of Pandemic Covid-19",O0015,,Business Standard,,2022-02-26T00:00:00.000Z,"The pandemic has opened up opportunities for the pharmaceutical sector to emerge as a second source of raw material and finished products after China. To tap into this potential, production-linked incentive (PLI) scheme for the industry needs be expanded to link it to research, and more specifically, for research in biologics and biosimilars. There is a huge growing interest in combination immunotherapies. But, the PLI scheme is skewed towards generic drugs. A huge emphasis is given to ANDAs (abbreviated new drug applications). There should have been a much greater allocation for biologics, biosimilars, cell and gene therapies. We are talking about atmanirbhar in terms of what we don’t produce — chemical, and generic drugs. PLI schemes need to evolve with time. We can have a research-PLI scheme, where research could be included in the PLI scheme.",#INDUSTRY_EXPERTS,On moving towards large molecules of biologics,,,,,,,,,,
0,621a01fccca56dd49f6be8f8,,,,Others,O0016,,Business Standard,,2022-02-26T00:00:00.000Z,"Although India’s reliance on Russia has been declining, Russia still accounts for most of India's arms imports. An analysis of data from Stockholm International Peace Research Institute (SIPRI) shows 49.4 per cent of India’s arms imports between 2016 and 2020 were from Russia, and 0.5 per cent were from Ukraine. In the previous five years, between 2011-15, Russia accounted for 69.6 per cent of India's total arms imports. In 1996-2010, the share was 70 per cent. On average a month, India imported 200,000-225,000 tonnes of sunflower oil, of which almost 70 per cent came from Ukraine and 20 per cent from Russia while the balance 10 per cent from Argentina.",#EXPERTS,On India's dependence on Russia-Ukraine,,,,,,,,,,
0,621a0737cca56dd49f6be8fa,,,,Others,O0017,,Business Standard,,2022-02-26T00:00:00.000Z,"Society for Worldwide Interbank Financial Telecommunications (SWIFT) connects more than 11,000 financial institutions around the world. 
It is viewed as a potential nuclear option in the world of sanctions because, blocking Russia from SWIFT, would essentially sever the nation from much of the global financial system. It would curb Russia's ability to conduct international financial transactions by forcing importers, exporters and banks to find new ways to transmit payment instructions. Because of Europe’s heavy reliance on Russian energy exports, there is a reluctance among some euro area leaders to take that step and risk those purchases by making doing business with Russia more costly and complicated.",#CYBER_EXPERTS,On blocking Russia from SWIFT,,,,,,,,,,
0,621a0cf6cca56dd49f6be8fc,,,,Status of Veterinary Services and Availability of Animal Vaccine in the Country,S0004,,,ICAR-NBAGR has recently launched a study of the Kombai breed of dog under a project to document the indigenous dog breeds.,2022-02-26T00:00:00.000Z,,,,"ICAR started registering the indigenous breeds in 2008 to protect the rights of farmers who had been maintaining cattle, buffalo, goat and sheep. Dogs were included in 2020. ",Dog breeds recognised so far include Rajapalayam and Chippiparai dogs of Tamil Nadu and Mudhol Hound of Karnataka.,"Kombai dogs are well-known for their ability to overcome almost any obstacle in their path. Though Kombai refers to a small town in Theni district, the breed is distributed throughout the southern districts. Apparently, local rulers, the poligars, fancied them so much that they would. with alacrity, exchange a horse for a Kombai dog.",,,,,,,
0,621a17bdf3bdfaebf8c27e81,,,,Others,O0018,,Indian Express,,2022-02-26T00:00:00.000Z,"Instead of thinking about glass ceilings, we should think about sticky doors. Women need to organise more, recognise their worth as workers. They talk about themselves as housewives and mothers but the first identity is never that of a worker or a producer. They need to be organised as categories. It is ridiculous that we celebrate ASHA workers at last mile deliverers but they don't have a salary. They are given incentives based on the work they do. We need to work on digital and financial literacy and ensure that minimum wages are paid. We should make jobs lucrative to women. We must also make it lucrative for the industry to hire women as well besides removing disabling barriers. The structural reform of formalisation, urbanisation, industrialisation, financialisation and human capital is what we need to do.",#EXPERTS,On getting women back into workforce,,,,,,,,,,
0,621a2368bd2ce523499dcf94,,,,Review of cyber security scenario in India,O0019,,The Hindu,,2022-02-26T00:00:00.000Z,"Social media had been flooded with misinformation on Russia-Ukraine conflict. This had added to the panic as lot of old videos and images have been circulated. The ARMA video game footage makes a comeback wherever there is violence. A 2015 twin explosion video from China has been passed off as an aerial conflict over Ukraine. To fight the spread of misinformation, social media platforms have been labelling content from state-controlled media and content that fact-checkers have rated false through their synthetic and manipulated media policy as well as platform manipulation policy.",#CYBER_SPECIALISTS,On spread of fake information,,,,,,,,,,
0,621a27eabd2ce523499dcf98,Context/Westland; 10 January 2022,Arvind Narrain,India’s Undeclared  Emergency: Constitutionalism and the Politics of Resistance,Review of Judicial Infrastructure,B0001,,,,,,,,,,,,,,,,,
0,621a297dbd2ce523499dcf9a,Aleph Book Company; 5 January 2022,Annie Zaidi,City of Incident: A Novel in Twelve Parts,Decongestion of cities for Smooth Flow of Traffic especially in metropolitan cities,B0002,,,,,,,,,,,,,,,,,
0,621a2c61bd2ce523499dcf9c,,,,Preservation and expansion of wildlife corridors,O0020,,New Indian Express,,2022-02-26T00:00:00.000Z,"No comprehensive EIA was carried out for the India-based Neutrino Observatory (INO) project in Tamil Nadu. Though the tunnel in which experiments would be conducted would lie about a km below the ground, there would be enormous allied establishments and activities, such as blasting, excavations, and movement of vehicles. Movement and placement of heavy and sophisticated instruments inside the tunnel and a security environment built all around would bring enormous disturbance to tigers and they will ultimately start avoiding this corridor and will have no other alternative for genetic dispersion.",#TAMIL_NADU_GOVERNMENT,On Environmental Impact Assessment for INO project,,,,,,,,,,
0,621a2ecebd2ce523499dcf9e,,,,Rebooting the Sports Facilities in Post Pandemic Era,O0021,,New Indian Express,,2022-02-26T00:00:00.000Z,"Entertainment and sport are also two great avenues for Russian youth, some of whom are opposed to war, and they may feel bad only if they are denied their YouTube and Spotify. There is something impermeable about sport, which can isolate itself readily, like a waterproof watch, from any of the ramifications of civilizational madness that may strike world leaders. We in India had the comfort of two great national integrators in Hindi film music and cricket even at the height of full-scale wars fought with prickly neighbours in the 1960s. Today, we have an even greater unifier in the high-octane sporting action of IPL cricket that has just released its 2022 schedule. Lights, camera, cricket then!",#EDITORIAL,On impact of war on youth,,,,,,,,,,
0,621af1b6ab54471c33ec05e9,,,,Indias preparedness for 5G,S0005,,,The demand for data centres of AI and ML among Government and educational entities is witnessing exponential growth which in turn is boosting the demand for supercomputers.,2022-02-27T00:00:00.000Z,,,,AI Research SuperCluster (RSC) is an AI supercomputer that is being built by Facebook-parent Meta which will be capable of performing quintillions of operations per second.,"PARAM Shivay, the first supercomputer assembled indigenously in India, was installed in IIT (BHU), followed by PARAM Shakti, PARAM Brahma, PARAM Yukti, PARAM Sanganak at IIT-Kharagpur IISER, Pune, JNCASR, Bengaluru and IIT Kanpur respectively.","PARAM Siddhi - AI , the high-performance computing-artificial intelligence (HPC-AI) supercomputer located in Pune, has achieved global ranking of 62 in TOP 500 most powerful supercomputer systems in the world, released on 16th November 2020.","AI supercomputers can perform tasks like translating text between languages, help identify potentially harmful content, help its researchers build better AI models that can work across different languages, seamlessly analyse text, images and video together, power real-time voice translations to large groups of people speaking different languages so that they can can collaborate on a research project and develop new augmented reality tools.",,,,,,
0,621af268ab54471c33ec05eb,,,,Others,S0006,,,The Centre is to hold peace talks with all Kuki militant groups and resolve their issues in the next five years.,2022-02-27T00:00:00.000Z,,,,"Kuki tribe is an ethnic group native to the Mizo Hills (formerly Lushai) in Mizoram. In northeast India, they are present in all states except Arunachal Pradesh.","For both Naga and Kuki nationalisms, the First World War was a watershed moment. During the War, the British was recruiting thousands of people from its empires to assist them in the war effort. The Nagas, were pressed into service as part of the Imperial Army’s Labour Corps, a vast body of men recruited to build roads, carry luggage and provide other kinds of logistical support. This brought together different Naga tribes, many of whom had previously been at war with one another, and helped consolidate a pan-Naga identity. For the Kukis, World War 1 was crucial because of their refusal to join the Labour Corps. Instead, they declared war on the colonisers in 1917. The conflict that followed lasted for two years and claimed many lives. It has been variously called the “Great Kuki Rebellion”, the “Kuki Rising”, the “Anglo-Kuki War” or the “Zou Gaal”.","Kuki resistance first emerged in the 18th century, according to Haokip, when fighters from the hill tribe attacked British subjects in the Chittagong Hill Tracts. It intensified after the Treaty of Yandabo, signed in 1826 and bringing to an end the First Anglo-Burmese War. Under the Treaty, the Burmese signed away large tracts of what is now India’s North East, including Assam, Manipur and the hill areas, to the British. There were periodic Kuki raids on British subjects after that, in 1845, 1847-48, 1849, 1850 and 1851. In the “Great Kuki Invasion of Tipperah” in the 1860s, 15 villages were burnt and around 185 British subjects killed.",,,,,,,
0,621af67d6605ed75969480fa,,,,Indias preparedness for 5G,T0004,,,,2022-02-27T00:00:00.000Z,,,,,,,,,,,,"Quantum Key Distribution Link (QKD) is primarily a mechanism to undertake secure communication which utilizes a cryptographic protocol involving various components of quantum mechanics. The technology enables two communicating sides to come up with random secret keys shared by both of them and known exclusively to them, so only they can use it to encrypt and decrypt messages, thus achieving a very highly-secure communication. In QKD, encryption keys are sent as ‘qubits’ (or quantum bits) in an optical fibre. The security of QKD stems from the ability to detect any intrusion on the QKD transmission. Because of the unique and fragile properties of photons, any third party (or eavesdropper) who tries to read or copy the photons in any way will change the photons’ state. The change will be detected by the endpoints, alerting them that the key has been tampered with and must be discarded. A new key is then transmitted. Moreover, since the keys generated are truly random, they are protected from future hacking attempts.",Quantum Key Distribution Link
0,621b41f214fec1190ba901e8,,,,Development and Conservation of Museums and Archaeological sites – Challenges and Opportunities,S0007,,,"Post-pandemic, the idea of an ocean burial chimes with a search for eco-friendly alternatives to traditional burial and cremation.",2022-02-27T00:00:00.000Z,,,,"Until recently, a disposition at sea usually involved one of two traditional methods- either committing a person’s body to the ocean, or scattering their ashes. Underwater inurnment in “memorial reefs” is now a third alternative.","A desire to return to the ocean goes back millennia, with evidence of sea burial in ancient Egypt and Rome. In the South Pacific, bodies would be placed in canoes and pushed out to sea, while scattering ashes in the ocean has long been widely practised in Asia.",,,,,,,,
0,621b454edc439553ba27b136,,,,Indias preparedness for 5G,O0022,,Business Line,,2022-02-27T00:00:00.000Z,"5G is going to disrupt all automobile, manufacturing and ancillary units. We are going to bring AI & ML on the shop floor and that will need massive computing power in real time environment. With the 5G roll out, we will be able to take real time decisions on Edge computer and our customers will start having distributed data centres instead of centralised ones.",#TOP_EXECUTIVE_HPE,On possible impact of 5G in manufacturing sector,,,,,,,,,,
0,621c209115ac67720727238a,,,,Implementation of Ayushman Bharat,O0023,,The Hindu,,2022-02-27T00:00:00.000Z,"During Covid times, a significant increase in herbal exports have been recorded. There has been immense recognition of India’s ayurvedic treatment. Health infrastructure in India must not be limited to the urban sector alone. ""One India; One Health” mission is essential to provide critical health services at block and district level as well. Rural dispensaries, healthcare centres and Ayush units need to be connected with the private and public hospitals through technology. Tele consultation, telemedicine and drone technology must be used to augment health services. The focus must be equally divided between health and wellness.",#PRIME_MINISTER,On Ayushman Bharat,,,,,,,,,,
0,621c311467b7ca0b0c6be911,,,,Role of Highways in Nation Building,O0024,,Business Line,,2022-02-28T00:00:00.000Z,"Airbag deployment is controlled by sensors that are managed by semiconductors. The worldwide chip shortage has already led to production losses for carmakers. An increase in the number of airbags per car could lead to a further increase in demand for semi conductors, which would further strain the supply chain. A draft notification issued on January,14 by the Ministry of Road Transport and Highways mandates that vehicles of M1 category (passenger vehicles up to eight-seater), manufactured from October 1, 2022 are to come fitted with six airbags that would provide safety to its occupants from frontal and side impact.",#INDUSTRY_EXPERTS,On airbags in vehicles,,,,,,,,,,
0,621d8dc2ffca423dcb49c865,,,,Pradhan Mantri Fasal Bima Yojana - An Evaluation,O0025,,Business Line,,2022-02-28T00:00:00.000Z,"Weather-based crop insurance scheme needs to be expanded to crops across India. Collective efforts of all the stakeholders is essential to take the goodness of intrinsic Indian spices such as Kashmir saffron, Naga chilli, Lakadong turmeric and UP’s kalonji to international markets. Spices Board has been providing proactive interventions while working with all categories of stakeholders, trade promotion and regulatory bodies of importing countries and intergovernmental organisations which has propelled the Indian spice industry to reach $ 4 billion mark in the last fiscal year.",#UNION_MINISTER_OF_COMMERCE_AND_INDUSTRY,On increasing volume of global spice trade,,,,,,,,,,
0,621d8f14ffca423dcb49c867,,,,Ensuring Quality of Milk and Consumer Grievance Redressal Mechanism in Dairy Sector,O0026,,Business Line,,2022-02-28T00:00:00.000Z,"Rural households may suffer financial setbacks in the unforeseen event of loss of cattle and insurance is imperative in such a scenario. However, one of the key challenges faced by insurers is authenticating a claim by correctly identifying the cattle insured, and muzzle reading through a unique digital identity helps address this gap. Muzzle patterns, similar to fingerprint in humans, is unique to each bovine. In the last few years, insurers had to rely on ear tags and injectable RFID tags for identification of the bovine, but were prone to tampering and discomfort to cattle.",#INDUSTRY_EXPERTS,On technology-based solutions for cattle insurance,,,,,,,,,,
0,621d9d75e602f35787db1369,,,,Issues and Challenges before Higher Education Sector in India,O0027,,The Hindu,,2022-02-28T00:00:00.000Z,"The most sought after international destinations- traditionally, for medical education the U.S., the U.K. and a few west European countries- are, however, too expensive for most Indians. In the last few decades, Russia, China (countries larger than India) and Ukraine (one of Europe’s largest countries), with their historical commitment to public health care have been able to offer more affordable, yet quality, education. The very nature of medical education, an empirical field, requires significant infrastructure- land, equipment, and trained faculty at the post graduate level- all of which are in short supply and uneven in their spread. Without correcting these deficiencies, India cannot expect to dramatically increase the availability of medical personnel. Merely having private establishments start medical schools, without a long-term commitment to offer necessary training and postgraduate education, could lead to a repeat of the engineering fiasco after the dot com boom: a surfeit of engineering colleges without adequately trained faculty or infrastructure that churn out students who need a further skills upgrade to be employable. The Government must instead ease procedures for establishing medical colleges, spend more on infrastructure, and provide incentives for a healthcare ecosystem to develop in rural areas. This could, in the long run, facilitate the growth of private and public medical colleges that could stem the outflow of students aspiring to be doctors. Private investment in medical education by itself will nowhere be enough.",#EDITORIAL,On the dynamics of India’s medical education system,,,,,,,,,,
0,621dbcd2917afb995d66ecd8,,,,Functioning of Agricultural Credit System in the Country,O0028,,Financial Express,,2022-03-01T00:00:00.000Z,"Notwithstanding the growth in the Farmer Producer Organisations model which is based on the produce cluster area and specialised commodity approach, individual farmers find it difficult to get credit from banks and remain dependent on local money lenders who charge exorbitant interest rates. Close to 90% of the lending for FPOs come from the Non-Banking Financial Sector. The RBI needs to issue a a directive requesting banks to report their lending to FPOs and provide those NBFCs who have shown that FPOs are bankable to get priority sector lending. Other problems plaguing FPOs include lack of professional management, weak internal governance, under-capitalisation to take up activities and also absorb credit, inadequate credit linkages, access to market and inadequate access to infrastructure. Further, the growth of FPOs across states have been uneven, limiting its' success.",#CII_NABCONS_REPORT,On Farmer Producer Organisations,,,,,,,,,,
0,621de040c6e37b56955c152a,,,,"Police - Training, Modernisation and Reforms",S0008,,,The maximum utilization of technology with an objective to improve service delivery system and ensuring safety and security of people is essential in the present environment.,2022-03-01T00:00:00.000Z,,,,"To ensure the safety and security of people with maximum use of technology, the Delhi Police has recently launched three digital initiatives i.e. Anubhuti- QR Code-based feedback system, Delhi Police website, and e-Chittha portal.
1. Anubhuti - Feedback Management System is a paperless feedback system. The citizens visiting the police station have to scan the QR code of the police station and mark the feedback responses. Response database will be utilized to analyze and take corrective steps for improvement in the police-public interface. The identity of the user will not be disclosed. This will establish two-way communication with the public and improve the police working through the analysis of feedback received.
2. The user-friendly and more informative website of Delhi Police will be quite useful for citizens to know about Delhi Police services with one click. 
3. e-Chittha is the backbone of duty deployment. Implementation of e-Chittha will not only ensure optimal use of manpower resources but also increase efficiency and transparency in working. The staff will get sufficient time for family and their own health and well-being and would work with more zeal and enthusiasm.",The merging of Police Control Room into districts has resulted in the availability of more manpower and patrol vehicles at beat and police stations.,Separation of law & order and investigation at all police stations had also necessitated equal distribution of work to bring about the desired results.,,,,,,,
0,621de3eac6e37b56955c152d,,,,Promotion of Electronics/IT Hardware/telecom equipment manufacturing sector under Make in India and measures for reduction of imports,O0029,,The Statesman,,2022-03-01T00:00:00.000Z,"From being a net importer of electronic goods two decades ago, India’s export of electronic goods has reached an all-time high of $12,400 million in this fiscal year ~ 88 per cent more than what it was in 2014. The National Policy on Electronics 2019 aimed to position India as a global hub for Electronics System Design and Manufacturing (ESDM) by encouraging and driving capabilities in the country for developing core components and creating an enabling environment for the industry to compete globally. Currently, the government has introduced four schemes namely- the production linked incentive scheme (PLI) for large-scale electronics manufacturing, scheme for promotion of manufacturing of electronic components and semiconductors (SPECS), modified electronics manufacturing clusters scheme (EMC 2.0) and the production linked incentive scheme (PLI) for IT hardware to give boost to the electronics sector and establish the necessary ecosystem.",#MINISTRY_OF_COMMERCE,On expanding electronic goods exports,,,,,,,,,,
0,621de662c6e37b56955c1530,,,,"Implementation of The Real Estate (Regulation & Development) Act, 2016 (RERA) in urban areas-A Review",O0030,,The Statesman,,2022-03-01T00:00:00.000Z,"The Indian real estate sector has demonstrated great resilience during the pandemic. The housing market has bounced well and certain pockets such as Hyderabad, Ahmedabad, Delhi NCR and Pune are poised for favourable housing sales. The commercial real estate sector has also started picking up well. With the data centres being granted an infrastructure status, land pockets such as Navi Mumbai, which have emerged as hubs for data centre, also stand to gain from this current climate.",#REAL_INSIGHT_RESIDENTIAL_2021,On post-Covid real estate market,,,,,,,,,,
0,621e07728dd62817a65a078e,,,,Tax policies and compliance with capital controls,O0031,,Business Line,,2022-03-01T00:00:00.000Z,"In 2019-20, Indians made about Rs.95,000 crore of long-term capital gains. About 80 per cent of those long-term capital gains were made by the people earning Rs.50 lakh and more per annum. In 2022-23, this share may reach 90 per cent. These are just 0.1 or 0.2 per cent of the population. Giving relief in the case of LTCG will only increase money in the pockets of a few people. Other countries charge long-term capital gains tax at the applicable rate of 25 to 30 per cent while in India it is only at 10 per cent. And the long-term period is 12 months.",#UNION_FINANCE_SECRETARY,On justification for Long-term Capital Gains tax,,,,,,,,,,
0,621e082e8dd62817a65a0792,,,,Ease of Doing Business,O0032,,Business Line,,2022-03-01T00:00:00.000Z,"About 40 per cent of raw material for cement production- limestone- is naturally available in the South, and there is no ordinary portland cement in the North. Unless cement moves from South to North, there will be a shortage of cement in the North. Logistics support for the cement industry in the South by way of railway freight to transport cement to northern regions will be helpful to avoid cartelisation of the industry.",#INDUSTRY_EXPERTS,On logistics support for cement sector,,,,,,,,,,
0,621e08a68dd62817a65a0795,,,,Indias preparedness for 5G,O0033,,Business Line,,2022-03-01T00:00:00.000Z,"Digital will increasingly determine competitiveness of not only companies but nations and continents. 5G will underpin the next wave of digital innovation and industrial revolution for every country and society. Every country and region will try to maximise their chance to capture this opportunity for jobs and growth. Africa needs digital to accelerate development and diversify its economies. Europe needs digital to remain globally competitive and maintain its leadership role in key sectors such as automotive, aerospace defence and agriculture.",#VODAFONE_CEO,On impact of 5G on geopolitics,,,,,,,,,,
0,621e09358dd62817a65a0798,,,,Functioning of Agricultural Credit System in the Country,O0034,,Business Line,,2022-03-01T00:00:00.000Z,"NABARD has created close to 16,000 FPOs since 2010-11. The philosophy behind this concept of producers’ group is what to produce, how to produce, how much to produce and at what rates it should be sold. Many of the FPOs are now either input or output aggregators and not doing enough for the welfare of the farmers. To overcome the challenge of lower productivity, FPOs need to leverage new technologies such as artificial intelligence (AI) and Block chain towards optimising collectivisation benefits. The concept from cooperatives to collectivisation to FPOs though all in similar veins, there are differences in approach. The FPO model has the potential to enhance global trade of Indian geographical indication (GI) products at competitive prices.",#UNION_AGRICULTURE_MINISTRY,On enhancing productiveness of FPOs,,,,,,,,,,
0,621e09a48dd62817a65a079b,,,,India's position in the ongoing Climate Change Negotiations,O0035,,Business Line,,2022-03-01T00:00:00.000Z,"Only 7 per cent of all disaster events were drought-related between 1970 and 2019, yet they contributed disproportionately to 34 per cent of disaster-related death, mostly in Africa. Climate change and rising demand mean about 40 per cent of people in India will live with water scarcity by 2050 compared with about 33 per cent now. Both the Ganges and the Brahmaputra river basins will also see increased flooding as a result of climate change, particularly if warming exceeds 1.5° C. In India, rice production can decrease by 10 to 30 per cent and maize 25 to 70 per cent assuming a temperature increase of 1° to 4° C. By mid-21st century, the international trans-boundary river basins of Amu Darya, Indus, Ganges and inter-State Sabarmati river basin in India could face severe water scarcity challenges with climate change acting as a stress multiplier.",#CLIMATE_CHANGE_2022_IPCC,On impact of Climate Change in India,,,,,,,,,,
0,621e3b3fd4df02e209cbd278,,,,"Inter-sectoral review of challenges of emerging and converging technologies, entities and practices",O0036,,Mint,,2022-03-01T00:00:00.000Z,"NFT is a unique digital identifier that cannot be copied, substituted, or subdivided. It is recorded in a blockchain and is used to certify authenticity and ownership. NFTs aid in the commercialization of media and entertainment. On the Metaverse interface, media companies can generate and sell digital assets, providing an extra revenue stream. This rewards creators by providing them with a new source of income from their work.  Metaverse would trigger interactive storytelling. To design immersive experiences, creators and brand builders will need to collaborate with technologists to make ideas come alive.",#INDUSTRY_EXPERTS,On metaverse and NFTs,,,,,,,,,,
0,621e3be0d4df02e209cbd27a,,,,Status of Aviation Connectivity in the country,O0037,,Mint,,2022-03-01T00:00:00.000Z,"India’s ambitious plan to connect smaller towns and cities to the wider domestic air travel network under the government’s flagship Regional Connectivity Scheme (RCS) is struggling to take off even after five years. Also, the penetration of helicopters in India is negligible. Regional airlines are struggling to survive due to reasons such as delays in operationalization and discontinuation of various regional routes due to the non-readiness of civil airports and heliports, the unsustainability of operations on certain routes, and the adverse impact of the pandemic on passenger demand on these routes. This industry has been one of the worst-hit by the pandemic and related restrictions on mobility. This is in addition to high operating costs, especially due to rising oil prices.",#MINISTRY_OF_CIVIL_AVIATION,On regional air connectivity,,,,,,,,,,
0,621e500c22b8322099b8208a,,,,Promotion of Electronics/IT Hardware/telecom equipment manufacturing sector under Make in India and measures for reduction of imports,O0038,,Mint,,2022-03-01T00:00:00.000Z,"The dependence of leading global semiconductor manufacturers on raw materials, palladium and neon, sourced from Russia and Ukraine, respectively, could prolong the global semiconductor crisis and even indirectly impact device manufacturers in countries such as India because of a delay in supply of critical parts. Ukraine supplies more than 90% of the US’s semiconductor-grade neon, while Russia provides 35% of the US’s palladium. The noble gas Neon is used in critical laser lithography in semiconductor manufacturing. This process is used to etch patterns on silicon, which is fundamental to making computer chips. Palladium is used for the pins that conduct electricity on a chip. India largely draws its supplies from Taiwan and Russia.",#INDUSTRY_EXPERTS,On dependence of global semiconductor industry on Russia and Ukraine,,,,,,,,,,
0,621e54f222b8322099b8208c,,,,"Long term impact of the Covid-19 pandemic on the global economy, trade flows, and financial markets",O0039,,Mint,,2022-03-01T00:00:00.000Z,"The Ukraine conflict has brought down the Russian currency, Ruble as well as the Ukrainian currency, Hyrvina. The conflict has highlighted the danger of the single currency- single country exposure to the Indian investors who have most of their investments in domestic stocks and bonds. Political, economic, and military issues can cause the value of investments in just the particular country and currency to drop sharply. Any period of financial crisis resulting from country-specific reasons is likely to see a correction in the stock markets as well as a simultaneous weakness in the currency. In such a period, if any investments are held outside the home country, they can protect an investor’s portfolio to an extent- since the foreign investments may not be impacted.",#INDUSTRY_EXPERTS,On the need for diversification of an individual's investment portfolio,,,,,,,,,,
0,621e5e11b2e3753583f9165e,,,,Others,O0040,,Indian Express,,2022-03-01T00:00:00.000Z,"Germany's active participation- including participating in the financial sanctions and suspending the Nord Stream 2 project, is a significant development, for the country firmly turned its back on nationalism as militarism after the trauma of the Hitlerian years and World War II. The evolution of Germany’s idea of its post-war military from self-defence to humanitarian intervention to multilateral participation in expeditionary wars, took place against a background of massive public protests against even rearming for national defence, against the nuclearisation of German territory during the Cold War, and in the 1990s, against participation in the Iraq and Yugoslav crisis. German airbases and finances were available for the 1990 Operation Desert Storm, but not soldiers, and during the war in the former Yugoslavia, Germany contributed to enforcing an embargo at sea against Serbia and Montenegro. German public opinion also underwent a shift after the Serbian army carried out a massacre of Bosnian Muslims at Srebrenica. Germany’s leadership at the turn of the century enabled the country’s participation along with other NATO countries in the US-led Afghan war in 2001. It was based on the rationale that Europe’s economic powerhouse simply could not sit out a war against terrorism, being waged for “everything our world holds dear”, including freedom, democracy, tolerance and human life.",#EDITORIAL,On Germany's active participation in countering Russian aggression,,,,,,,,,,
0,621e5f6cb2e3753583f91662,,,,India's Soft Power and Cultural Diplomacy: Prospects & Limitations,O0041,,Indian Express,,2022-03-01T00:00:00.000Z,"Sport is finally pulling its weight in international affairs, and proving to live up to the cliche of being a pathfinder for the youth. Russia has been hit by economic sanctions, and freezing of its financial assets. But nothing visibly isolates a football-mad nation such as Russia like the refusal to engage with it on a football field. The invasion has brought the spotlight on Russian oligarchs and their ownership of clubs, notably Chelsea, which will serve as another moral and monetary leverage as the rest of the world attempts to stop Russia. Sport upon sport- from gymnastics to badminton- have issued strong condemnations, revoking of hosting rights to Russian cities and ordered non-display of Russian flags wherever their athletes participate. The most poignant opposition to the war has come from Russian big names on the international circuit. While Andrey Rublev scribbled ‘No War’ on camera after winning at Dubai, a host of Russian chess GMs — Ian Nepomniachtchi, Peter Svidler and Alexandra Kosteniuk — have ventured to take a stand against war, calling it a dark day.",#EDITORIAL,On Sports Diplomacy,,,,,,,,,,
0,621e638bb2e3753583f91664,,,,Achieving $ 10 Trillion GDP – Long-term prospects for the Indian Economy,O0042,,Indian Express,,2022-03-01T00:00:00.000Z,"A historical preference towards investments in heavy industries with significant global competition over labour intensive sectors has slowed down India's growth. Some states will have to take the lead to allow ""hire and fire"" for large factories. India would have to become open to benefit fully from reforms such as Insolvency and Bankruptcy Code, labour law reforms, GST and the corporate tax cut. When you restrict imports, you also restrict exports. Modern supply chains are constituted of large firms specialising in single activities done on a global scale and participation in such supply chains get hampered by even 5 percent tariff as these goods moved through multiple countries. Protectionism today hurts you a lot more today than it did in the past because inputs have to cross many borders. Most major supply chains in Asia are in countries with free trade agreements with goods moving without barriers.",#ARVIND_PANAGARIYA,On boosting Indian economic growth,,,,,,,,,,
0,621eecc912a767305786035b,,,,Ensuring Quality of Milk and Consumer Grievance Redressal Mechanism in Dairy Sector,O0043,,New Indian Express,,2022-03-01T00:00:00.000Z,"Appointment of a private diary company representative as one of the directors of the National Dairy Development Board would lead the NDDB being controlled by market forces. On January 18, the Union government issued a draft notification to amend the NDDB Act, 1987. According to the proposal, the NDDB can have two directors, one of whom shall be from private dairy industries. Presently, NDDB acts as a nodal agency for funding, implementing, and monitoring dairy development activities. Since Aavin relies on NDDB for infrastructure improvements, the latter should not be allowed to be headed by private players.",#AAVIN_EMPLOYEES,On the proposal to appoint a private dairy company representative as one of the directors of NDDB,,,,,,,,,,
0,621ef862c56317d21ef88cba,,,,Potential of Tourist Spots in the country - Connectivity and Outreach,S0009,,,"The government is to hand over about 1,000 notified heritage sites and monuments to private players or non-government organisations for maintenance under a special arrangement such as the Monument Mitra (adopt a heritage) scheme.",2022-03-01T00:00:00.000Z,,,,The Monument Mitra project was envisioned to provide an enhanced tourism experience and also to ensure quality and inclusive provision of amenities and facilities at heritage sites. ,"The government has signed MoUs with private entities for more than 24 sites including Dara Shikoh Library Building (Delhi), Aguada Fort (Goa), Bara Lao ka Gumbad (Delhi), Rani-ki-Vav (Gujarat), Tomb of Abdur Rahim Khan-i-Khana (Delhi), Gandikota Fort (Andhra Pradesh), Red Fort (Delhi), and Ajanta Caves (Maharashtra).",,,,,,,,
0,621ef910c56317d21ef88cbe,,,,Augmenting Infrastructure Facilities to Boost Export,O0044,,New Indian Express,,2022-03-01T00:00:00.000Z,"PM Gati Shakti will ensure true public-private participation in infrastructure creation from infrastructure planning to development and utilisation stage. There is lack of coordination among the stakeholders in the traditional way of completing projects. This was due to the lack of clear information among various departments. With PM Gati Shakti everyone will be able to make their plan with complete information. This will give a new direction to infrastructure planning, implementation and monitoring, and also reduce time and cost overrun of projects.",#PRIME_MINISTER,On PM Gati- Shakti,,,,,,,,,,
0,621efbecc56317d21ef88cc0,,,,National Hydrogen Energy Mission,S0010,,,International hydrogen trade needs to start soon if it is to make an impact on the global energy system.,2022-03-01T00:00:00.000Z,,,,"Make industrial ports the nerve centres for scaling up the use of clean hydrogen: Today, much of the refining and chemicals production that uses hydrogen based on fossil fuels is already concentrated in coastal industrial zones around the world. Encouraging these plants to shift to cleaner hydrogen production would drive down overall costs. These large sources of hydrogen supply can also fuel ships and trucks serving the ports and power other nearby industrial facilities like steel plants.","Build on existing infrastructure, such as millions of kilometres of natural gas pipelines: Introducing clean hydrogen to replace just 5% of the volume of natural gas supplies would significantly boost demand for hydrogen and drive down costs.","Expand hydrogen in transport through fleets, freight and corridors: Powering high-mileage cars, trucks and buses to carry passengers and goods along popular routes can make fuel-cell vehicles more competitive.",Launch the hydrogen trade's first international shipping routes: Lessons from the successful growth of the global LNG market can be leveraged. ,,,,,,
0,621f1080c80957647e441428,,,,India's position in the ongoing Climate Change Negotiations,O0045,,Times of India,,2022-03-01T00:00:00.000Z,"Fossil fuels not only cause climate change, but also enable warfare in the midst of multiple crises in which we all live. On February 24, 2021, the Russian Army invaded Ukraine to start a full-scale war in the centre of Europe. In 2019, 41% of EU natural gas imports came from Russia. Russia has been a major emitter of fossil fuels and a contributor to climate change. We see today how fossil fuel dependency and conflict are intertwined. Fossil fuels are a dead end- for our planet, for humanity, and yes, for economies.",#UN_SECRETARY_GENERAL,On correlation between fossil-fuel dependency and conflict,,,,,,,,,,
0,621f10e8c80957647e44142a,,,,Mental Health in contemporary times,O0046,,Times of India,,2022-03-01T00:00:00.000Z,"The arrest of the school headmistress for abetment of suicide in the student’s suicide in Faridabad, as questionable as Rhea Chakraborty being similarly booked in 2020. The Mental Healthcare Act, 2017 recognised that attempt to suicide is not a crime- both logically and medically driving people to suicide should not be a crime either. Indian schools are crying for structural protections against bullying and fixing accountability for excesses is also important. Only 3% of private schools in Delhi-NCR have counsellors, as against the CBSE guideline requiring at least one full-time counsellor per school. But populist scapegoating is a poor substitute and does little to prevent a recurrence of the tragedy.",#EDITORIAL,On arrest of school headmistress on charges of abetment of suicide,,,,,,,,,,
0,621f11b5c89aab647782287e,"Roli Books, 25 February 2022",Pramod Kapoor,1946: Last war of independence: Royal Indian Navy mutiny,Others,B0003,,,,,,,,,,,,,,,,,
0,621f340b8babb63419d300aa,,,,Social Security and Welfare measures for workers in unorganized and informal sectors,O0047,,Business Line,,2022-03-02T00:00:00.000Z,"Cross-sector collaboration and multidisciplinary approach is essential for dynamic and agile regulation for disruptive but  exciting telecom technologies. Digital inclusion needs to be the highest priority, especially for women and the marginalised, small enterprises and informal economy. For them, digital economy can be a boon. But they require handholding in the form of affordable connectivity, applications and use cases, especially in light of 5G-based Industry 4.0 technologies. Digital penetration has also raised issues of data protection, privacy and cyber security.",#TRAI_CHAIRMAN,On digital inclusiveness,,,,,,,,,,
0,62265a2c4771ee3dbc5c4917,,,,,,,,,,,,,,,,,,,,,,
0,62270d5f94fc735bad61fb12,,,,,,,,,,,,,,,,,,,,,,
0,62270ed894fc735bad61fb16,,,,,,,,,,,,,,,,,,,,,,
0,622712036a82ea8192f6c76e,,,,,,Why does this happen?,,,,,,,,,,,,,,,,
0,622772644f8ad491bfaca593,,,,,,,,,,,,,,,,,,,,,,
0,622b6134414e2ebbcf0071c5,,,,"New Unified Structure pertaining to Cyber Space, Space and Special Operations",O0048,,Business Line,,2022-03-11T00:00:00.000Z,"Spacecom is emerging the new disruptor in telecommunications. Satellite communications will be able to reach far-flung areas, difficult areas, and, in a quicker timeframe, provide not only telephony but also broadband. Space communication will not be replacing terrestrial communication - it is a co-traveller, enhancing the capacity required to make digital India possible. Satellite telecommunications can also be used for terrestrial backhaul. ",#DG_INDIAN_SPACE_ASSOCIATION,On satellite communication policy,,,,,,,,,,
0,6230065a2ac0b859e0b3969d,,,,Strengthening RBI and SEBI’s regulatory and operational capabilities,S0011,,,"RBI's harmonised regulatory framework for regulated lenders, ""RBI (Regulatory Framework for Microfinance Loans) Directions, 2022"" will be effective from April 1, 2022.",2022-03-15T00:00:00.000Z,,,,"All collateral-free loans, irrespective of end-use and mode of application/ processing/ disbursal, provided to low-income households- with annual income up to ₹3 lakh- are considered microfinance loans.",Interest rates and other charges/fees on these loans will be subject to supervisory scrutiny by the RBI.,Any change in interest rate or any other charge will have to be informed to the borrower well in advance.,"The Regulated Entities (scheduled commercial banks, small finance banks, NBFC-MFIs and NBFC-Investment and Credit Companies) or its agent shall not engage in any harsh methods towards loan recovery.",,,,,,
0,62300a97be8b34488f7971cf,,,,Import of Coal – Trends and Issue of Self Reliance,O0049,,Business Line,,2022-03-15T00:00:00.000Z,"India's demand for coking coal, used in steel making, is growing at a faster clip , and the country imports the bulk of its' requirements from Australia. Overall coking coal imports total 50-55 million tonnes, with overseas purchases rising 4 per cent annually. To reduce its import dependence on Australia, India, in 2021, agreed with Russia to import coking coal, which accounts for about 40 per cent of the total cost of steel production.",#UNION_COAL_MINISTER,On rocketing prices of coal in the wake of Russia's invasion of Ukraine,,,,,,,,,,
0,62300d9bf67dd32022c20d8d,,,,India's position in the ongoing Climate Change Negotiations,O0050,,Business Line,,2022-03-15T00:00:00.000Z,"It is hard to miss the preponderance of solar in renewables installations in recent years, but to triple its non-fossil fuel power in nine years, India has to look beyond solar. Wind is an obvious candidate, with an estimated potential of 700 GW at a hub height of 120 meters. But, offshore wind power is too expensive- around ₹8 a kWhr- essentially due to high installation costs. Large hydro, whose potential, estimated at 145 GW, is thrice as much as the existing capacity, has been hampered mainly by environmental concerns and rehabilitation and resettlement issues. Nuclear power , capacity today stands at a dismal 6,780 MW. The major problem is the ‘liability clause’, which has scared away reactor suppliers. Small modular reactors (SMR) are getting global attention, though none has been built. These can be sited at places vacated by retired thermal plants. India- indeed the world- has ignored ocean energies. These are expensive, like offshore wind, but costs can be tamed with scale. Oceans, like large hydro and nuclear, can provide 24x7 base load energy.",#EDITORIAL,On meeting global emission targets,,,,,,,,,,
0,623010836bb5f6a8a284f91f,,,,Import of fertilizers and the issue of self dependence,O0051,,Business Line,,2022-03-15T00:00:00.000Z,"Nano urea and promotion of natural farming will substantially bring down current usage of urea in bags. The government has also talked about green ammonia which is the next thing to help reduce urea. As dosage will be very low leading to surplus and also helping balanced use of fertiliser, the government should simultaneously prepare to capture the market vacated by China. China, in 2021, banned export of urea to meet domestic demand, and as a result, global prices flared up to record high. Recently, Russia also restricted outbound shipments amid the war in Ukraine and subsequent sanctions by US and European Union.",#INDUSTRY_EXPERTS,On export of urea,,,,,,,,,,
0,62304110601fda31ad26a647,,,,"Inter-sectoral review of challenges of emerging and converging technologies, entities and practices",O0052,,Business Line,,2022-03-15T00:00:00.000Z,"Big NLP is really important to India, as it’s a large model that can take billions of parameters into account and do what human brains cannot. Conversational AI is extremely critical at call centres and on websites. These services need to be augmented so that we can go beyond English to multiple global and local languages. Our nation is multilingual with thousands of dialects, and we need to find a solution for the community. A lot of such work is taking shape in India.",#MANAGING_DIRECTOR_NVIDIA,On scope and opportunity for natural language processing in India,,,,,,,,,,
0,623044c3d9636b5870b18787,,,,Self-reliance in Minerals and Metals,S0012,,,Nickel prices have doubled in the past month and trebled in the past year.,2022-03-15T00:00:00.000Z,,,,"81 per cent of nickel ores and concentrates of Europe’s imports come from Russia. Specifically, the European Union gets 30 per cent of its nickel imports from Russia. Exchange tradeable and deliverable nickel is only 25 per cent of the nickel that can be sold globally. Post commencement of Russia-Ukraine conflict Russia has banned exports of nickel and the metal’s trading was affected due to sanctions announced by the US, Europe and their allies against Kremlin.","Nickel can alloy with steels, irons, coppers, chromium, aluminum, lead, cobalt, silver, gold and other elements to make stainless steels, cast irons, inconel, incoloy, monel, nimonic and other alloys.","Nickel is used in making stainless steel, other alloys, batteries, electronics and medical device among others. Nickel alloys function as high performance alloys, corrosion resistant alloys, electronic alloys, and heat resistant alloys. ",,,,,,,
0,62304fca8fb9f675714de6ed,,,,Review of cyber security scenario in India,S0013,,,"So far, seven cases of money laundering using cryptocurrency have been registered in India.",2022-03-15T00:00:00.000Z,,,,"The crypto-currencies’ attractions to money launderers are global availability, the speed and irreversibility of transactions and the ability to hide identities.","Dirty cash- from drug-dealing, say- can be washed by converting it into crypto, splitting it into smaller amounts and moving it through the crypto-sphere, perhaps via several virtual currencies. Dirty crypto, for example from a ransomware attack, can be similarly swapped around- often at high speed (“atomic swaps”) and in little chunks (“micro laundering”)- until it is clean enough to be switched into ordinary money.","The global anti-money laundering system has serious structural flaws, largely because governments have outsourced to the private sector much of the policing they should have been doing themselves.","The Covid-19 pandemic, has boosted opportunities for ""trade-based money laundering"". Criminals have set up shell companies to exploit vast, poorly policed government-aid schemes.",,,,,,
0,623077fa7cd0059cb1314bc7,,,,Issues Related to Improving Consumers’ Satisfaction of Airlines,O0053,,Business Line,,2022-03-15T00:00:00.000Z,"Air travel must not be treated as a contractual matter between the airline and the passenger. Fixing of different fares for selection of seats in the same flight is arbitrary and unjustifiable. Hence, on the principle of equity, all the seats in a flight should have same fare. Passengers should not be fleeced in the garb of commercialisation. A balance must be maintained between the commercial interests of the airlines and the interest of the passengers.",#PARLIAMENTARY_PANEL_REPORT,On private airlines' ticket pricing policy,,,,,,,,,,
0,62314e3c19fff03ed6f190f4,,,,Rejuvenation of forests base,O0054,,Times of India,,2022-03-16T00:00:00.000Z,"Miyawaki forests are not natural forests. They do not have undergrowth, the girth of trees does not expand, and people cannot enter these forests. In Miyawaki method, the trees are artificially selected. They are not based on local conditions. They are then subjected to competition and stress. Therefore, they lose their natural characteristics. For example, Neem trees grow like pine trees. Also, these trees cannot play ecological services due to lack of space. This will not help a place like Tamil Nadu that has many native species. ",#CHENNAI_CITY_CORPORATION,On Tamil Nadu's 'micro forest' policy,,,,,,,,,,
0,6231690ad635bf0bdcafa615,,,,Strengthening the Justice Delivery process,O0055,,Times of India,,2022-03-16T00:00:00.000Z,All rights have to be viewed in the contextual conditions which were framed under the Constitution and the way in which they have evolved in the due course. The Fundamental Rights have relative content and their efficacy levels depend upon the circumstances in which they are sought to be exercised.,#KARNATAKA_HIGH_COURT,On the need to contextualise rights,,,,,,,,,,
0,63a8236a5abde0a442848638,,,,Development of Deep Sea Fishing,O0056,,The Hindu,,2022-12-25T00:00:00.000Z,"Purse seine fishing is a non-targeted fishing which is popular on India’s western coasts. It uses a large vertical net to surround dense shoals of pelagic or midwater fish in the open ocean and then draws in the edges like tightening the cords of a drawstring purse. It has led to a decrease in pelagic shoaling fish such as sardines, mackerel, anchovies and trevally on the western coast. Fishing is a 'State' subject. Currently, the ban on purse seine fishing is implemented in the territorial waters of Tamil Nadu, Kerala, Puducherry, Odisha, Dadra and Nagar Haveli and Daman and Diu, and the Andaman and Nicobar Islands up to 12 nautical miles. States such as Gujarat, Andhra Pradesh, Goa, Karnataka, and West Bengal have not imposed any such ban, while Maharashtra has issued some orders to regulate, but not ban purse seine fishing in its territorial waters. Rather than banning, the government should bring in certain regulations. Automatic identification systems can be established to identify the boats engaged in such fishing.",#FISHING_COMMUNITY,On regulating purse seine fishing,,,,,,,,,,
0,63a825ecc403bb515697bc45,,,,"Flood Management in the country with special reference to States of Bihar, Uttar Pradesh and West Bengal",S0014,,,BIS guidelines on storm-water management,2022-12-25T00:00:00.000Z,,,,"Stormwater management is the effort to reduce the runoff of rainwater or melted snow into streets, lawns and other sites and the improvement of water quality.",This can be done by:,Facilitating stormwater infiltration and storage facilities under street drains at specific points to reduce flooding on roads.,"Using abandoned farm ponds, school playgrounds and parking spaces to store floodwater.",Providing subsidies for installing facilities to store floodwater (Demand Control approach),,,,,
0,63a827d5878d3758df635412,,,,India's Extended Neighbourhood: From Look East to Act East,S0015,,,Mizoram has an influx of Myanmar nationals crossing it since the country's coup in February 2021.,2022-12-25T00:00:00.000Z,,,,"23 Sector Assam Rifles is responsible for guarding and managing 510 km of the India-Myanmar border of the total 1,643 km.","The border is porous, the major portion is riverine border and rugged terrain with large number of unreachable (no go) areas.",Special provision of Free Movement Regime (FMR) along with ethnic affiliation makes dynamics of the border unique and challenging.,"The limited availability of troops, proximity to the Golden Triangle, FMR, an unstable Myanmar, the boundary issue between Mizoram and Assam, transit point of Indian insurgent groups and smuggling of narcotics and contraband makes the security situation in Mizoram very dynamic.",,,,,,
0,63a829595dabeb4bfc5662dc,,,,Conservation and Preservation of Forests and National Parks,O0057,,The Hindu,,2022-12-25T00:00:00.000Z,"Orans or sacred groves in Jaisalmer region of Rajasthan face the threat of destruction as lands are allotted for construction of renewable energy infrastructure and high-tension power lines. Orans form the natural habitat for India’s most critically endangered bird, the Great Indian Bustard (GIB). Many birds have died during the last few years because of collision with power lines.",#ACTIVISTS,On protection of orans (sacred groves) in Rajasthan,,,,,,,,,,
